{"cameraMode":{"drawMode":0,"name":"Shaded","section":"Shading Mode"},"sceneLighting":false,"audioPlay":false,"sceneViewState":{"m_AlwaysRefresh":false,"showFog":true,"showSkybox":false,"showFlares":true,"showImageEffects":true,"showParticleSystems":true,"showVisualEffectGraphs":true,"m_FxEnabled":true},"in2DMode":false,"pivot":{"x":-2.197537422180176,"y":2.2353341579437258,"z":-1.4848190546035767},"rotation":{"x":0.015844587236642839,"y":-0.7079535126686096,"z":0.015972919762134553,"w":0.7058352828025818},"size":3.4234375953674318,"orthographic":false}