{"cameraMode":{"drawMode":0,"name":"Shaded","section":"Shading Mode"},"sceneLighting":true,"audioPlay":false,"sceneViewState":{"m_AlwaysRefresh":false,"showFog":true,"showSkybox":false,"showFlares":true,"showImageEffects":true,"showParticleSystems":true,"showVisualEffectGraphs":true,"m_FxEnabled":true},"in2DMode":false,"pivot":{"x":1.6630336046218873,"y":-4.6889142990112309,"z":6.558215618133545},"rotation":{"x":0.20882514119148255,"y":0.15185843408107758,"z":-0.032829996198415759,"w":0.9655133485794067},"size":8.215838432312012,"orthographic":false}