{"cameraMode":{"drawMode":0,"name":"Shaded","section":"Shading Mode"},"sceneLighting":true,"audioPlay":false,"sceneViewState":{"m_AlwaysRefresh":false,"showFog":true,"showSkybox":false,"showFlares":true,"showImageEffects":true,"showParticleSystems":true,"showVisualEffectGraphs":true,"m_FxEnabled":true},"in2DMode":false,"pivot":{"x":-1.2563879489898682,"y":-3.8702003955841066,"z":-1.3447505235671998},"rotation":{"x":0.33716368675231936,"y":-0.45776528120040896,"z":0.19299782812595368,"w":0.7996920347213745},"size":9.192388534545899,"orthographic":false}