{"cameraMode":{"drawMode":0,"name":"Shaded","section":"Shading Mode"},"sceneLighting":true,"audioPlay":false,"sceneViewState":{"m_AlwaysRefresh":false,"showFog":true,"showSkybox":false,"showFlares":true,"showImageEffects":true,"showParticleSystems":true,"showVisualEffectGraphs":true,"m_FxEnabled":true},"in2DMode":false,"pivot":{"x":-2.4915897846221926,"y":0.08854607492685318,"z":14.04111099243164},"rotation":{"x":0.03740714117884636,"y":-0.06679987162351608,"z":0.0025058991741389038,"w":0.9970532655715942},"size":10.920165061950684,"orthographic":false}